{
  "variant_name": "performance_only",
  "meta_reward_flags": {
    "gamma_meta": 0.95,
    "use_anomaly_bonus": false,
    "use_intervention_cost": false,
    "use_preemptive_shaping": false,
    "past_base_rewards": [
      -0.8074531661351649,
      0.09169553741118608,
      -0.9639139614916252,
      0.018660689959466126
    ],
    "past_delta_C": [
      0.9715457877363249,
      0.327249710135017,
      0.9241865731712358,
      0.7748979903219317
    ],
    "baseline_reward_avg": -0.709536962288728
  },
  "total_steps_simulated": 10000,
  "total_audit_steps": 5,
  "run_timestamp": "2025-07-01T09:53:10.139036",
  "log_file": "/content/drive/My Drive/cognithex_ablation_logs/performance_only/cognithex_audit_log__performance_only__20250701_095255.jsonl",
  "run_id": "performance_only_20250701_095255",
  "notes": "Experiment run for variant: performance_only"
}