{
  "variant_name": "no_cost",
  "meta_reward_flags": {
    "gamma_meta": 0.95,
    "use_anomaly_bonus": true,
    "use_intervention_cost": false,
    "use_preemptive_shaping": false,
    "past_base_rewards": [
      -0.6328109745350148,
      -0.9059370489135637,
      0.028312373177236116,
      -0.8825247512796583
    ],
    "past_delta_C": [
      0.2542664101257465,
      0.5830507840183615,
      0.5957558845207659,
      0.40831250220754123
    ],
    "baseline_reward_avg": -0.6287755749326085
  },
  "total_steps_simulated": 10000,
  "total_audit_steps": 5,
  "run_timestamp": "2025-07-01T09:52:55.891672",
  "log_file": "/content/drive/My Drive/cognithex_ablation_logs/no_cost/cognithex_audit_log__no_cost__20250701_095241.jsonl",
  "run_id": "no_cost_20250701_095241",
  "notes": "Experiment run for variant: no_cost"
}