{
  "variant_name": "no_anomaly_bonus",
  "meta_reward_flags": {
    "gamma_meta": 0.95,
    "use_anomaly_bonus": false,
    "use_intervention_cost": true,
    "use_preemptive_shaping": false,
    "past_base_rewards": [
      -0.7452387797239446,
      0.4685260246990901,
      -0.8380266598232453,
      -0.4100464775257877
    ],
    "past_delta_C": [
      0.46317483337348564,
      0.5467496429163733,
      0.13814593618018567,
      0.4188711832035896
    ],
    "baseline_reward_avg": -0.6260477667520525
  },
  "total_steps_simulated": 10000,
  "total_audit_steps": 5,
  "run_timestamp": "2025-07-01T09:52:41.696478",
  "log_file": "/content/drive/My Drive/cognithex_ablation_logs/no_anomaly_bonus/cognithex_audit_log__no_anomaly_bonus__20250701_095228.jsonl",
  "run_id": "no_anomaly_bonus_20250701_095228",
  "notes": "Experiment run for variant: no_anomaly_bonus"
}