{
  "variant_name": "baseline",
  "meta_reward_flags": {
    "gamma_meta": 0.95,
    "use_anomaly_bonus": true,
    "use_intervention_cost": true,
    "use_preemptive_shaping": false,
    "past_base_rewards": [
      -0.8923120005947781,
      -0.7111098066732355,
      0.038374674515692764,
      -0.5030819654599914
    ],
    "past_delta_C": [
      0.24562158641757167,
      0.783720673373983,
      0.6369403118264452,
      0.7113869781375389
    ],
    "baseline_reward_avg": -0.8140886730658254
  },
  "total_steps_simulated": 10000,
  "total_audit_steps": 5,
  "run_timestamp": "2025-07-01T09:52:28.734339",
  "log_file": "/content/drive/My Drive/cognithex_ablation_logs/baseline/cognithex_audit_log__baseline__20250701_095208.jsonl",
  "run_id": "baseline_20250701_095208",
  "notes": "Experiment run for variant: baseline"
}