{
  "variant_name": "preemptive_shaping",
  "meta_reward_flags": {
    "gamma_meta": 0.95,
    "use_anomaly_bonus": true,
    "use_intervention_cost": true,
    "use_preemptive_shaping": true,
    "past_base_rewards": [
      -0.6732551807792855,
      0.35209394389459336,
      -0.9175365185394961,
      -0.2409987988421335
    ],
    "past_delta_C": [
      0.8645390159077926,
      0.36031832232471894,
      0.17885235198292498,
      0.9265891615633343
    ],
    "baseline_reward_avg": -0.5779634034013129
  },
  "total_steps_simulated": 10000,
  "total_audit_steps": 5,
  "run_timestamp": "2025-07-01T09:53:25.753905",
  "log_file": "/content/drive/My Drive/cognithex_ablation_logs/preemptive_shaping/cognithex_audit_log__preemptive_shaping__20250701_095310.jsonl",
  "run_id": "preemptive_shaping_20250701_095310",
  "notes": "Experiment run for variant: preemptive_shaping"
}